Symbol,Common Name,Legacy Python Model Type,Habitat,LAVegMod Fort Group Name,Coverage Group ID,Dispersal Class,FFIBS score,sal_00,sal_01,sal_05,sal_25,sal_50,sal_75,sal_95,sal_99,sal_100,wlv_00,wlv_01,wlv_05,wlv_25,wlv_50,wlv_75,wlv_95,wlv_99,wlv_100
WATER,OpenWater,NullModel_Coverage,NA,veg_col_water,0,0,-9999,0,0,0,0,0,0,0,0,0,0,0,0,0,0,0,0,0,0
NOTMOD,NotModelled,NullModel_Coverage,NA,veg_col_notmod,1,0,-9999,0,0,0,0,0,0,0,0,0,0,0,0,0,0,0,0,0,0
BAREGRND_OLD,BareGround,NullModel_Coverage,NA,veg_col_baregrnd_old,2,0,-9999,0,0,0,0,0,0,0,0,0,0,0,0,0,0,0,0,0,0
BAREGRND_NEW,BareGround,NullModel_Coverage,NA,veg_col_baregrnd_new,3,0,-9999,0,0,0,0,0,0,0,0,0,0,0,0,0,0,0,0,0,0
QULA3,LaurelOak,BottomlandHardwoodForestModel,Fresh,veg_col_blh,8,1,0,0,0,0,0,0,0,0,0,0,0,0,0,0,0,0,0,0,0
QULE,,BottomlandHardwoodForestModel,Fresh,veg_col_blh,8,1,0,0,0,0,0,0,0,0,0,0,0,0,0,0,0,0,0,0,0
QUNI,WaterOak,BottomlandHardwoodForestModel,Fresh,veg_col_blh,8,1,0,0,0,0,0,0,0,0,0,0,0,0,0,0,0,0,0,0,0
QUTE,TexasRedOak,BottomlandHardwoodForestModel,Fresh,veg_col_blh,8,1,0,0,0,0,0,0,0,0,0,0,0,0,0,0,0,0,0,0,0
QUVI,,BottomlandHardwoodForestModel,Fresh,veg_col_blh,8,1,0,0,0,0,0,0,0,0,0,0,0,0,0,0,0,0,0,0,0
ULAM,,BottomlandHardwoodForestModel,Fresh,veg_col_blh,8,1,0,0,0,0,0,0,0,0,0,0,0,0,0,0,0,0,0,0,0
NYAQ2,Tupelo,SwampForestModel,Fresh,veg_col_swp,9,1,0,0.0001,0.001,0.01,0.14,0.25,0.5,0.86,4.52,4.52,0.01,0.05,0.04,0.09,0.12,0.15,0.16,0.33,0.5
SANI,BlackWillow,SwampForestModel,Fresh,veg_col_swp,9,3,0,0.0001,0.001,0.01,0.15,0.2,0.3,1.04,4.64,4.64,0.01,0.05,0.05,0.09,0.12,0.15,0.19,0.33,0.5
TADI2,Cypress,SwampForestModel,Fresh,veg_col_swp,9,1,0,0.0001,0.001,0.01,0.06,0.25,0.66,1.24,4.52,4.52,0.01,0.05,0.06,0.1,0.12,0.15,0.19,0.33,0.5
ELBA2_FLT,,FloatingMarshModel,Fresh,veg_col_thn_flt,4,2,-9999,0.0001,0.001,0.01,0.13,0.21,0.42,3.54,9.03,9.03,0.01,0.05,0.03,0.07,0.08,0.1,0.16,0.33,0.5
PAHE2_FLT,,FloatingMarshModel,Fresh,veg_col_thk_flt,5,1,-9999,0.0001,0.001,0.01,0.06,0.17,0.25,0.5,9.46,9.46,0.01,0.05,0.04,0.07,0.1,0.12,0.2,0.33,0.5
BAREGRND_FLT,,FloatingMarshModel,Fresh,veg_col_bare_flt,6,0,-9999,0,0,0,0,0,0,0,0,0,0,0,0,0,0,0,0,0,0
DEAD_FLT,,NullModel,Fresh,veg_col_dead_flt,7,0,-9999,0,0,0,0,0,0,0,0,0,0,0,0,0,0,0,0,0,0
COES,Elephantsear,EmergentWetlandModel,Fresh,veg_col_ewf,10,3,0.25,0.0001,0.001,0.01,0.15,0.2,0.24,1.08,5.82,5.82,0.01,0.02,0.09,0.14,0.15,0.17,0.2,0.33,0.5
MOCE2,WaxMyrtle,EmergentWetlandModel,Fresh,veg_col_ewf,10,2,0.25,0.0001,0.001,0.01,0.1,0.18,0.26,0.98,4.71,4.86,0.01,0.02,0.05,0.08,0.12,0.16,0.19,0.33,0.5
PAHE2,Maidencane,EmergentWetlandModel,Fresh,veg_col_ewf,10,1,0.25,0.0001,0.001,0.01,0.06,0.17,0.25,0.5,9.46,9.46,0.01,0.02,0.04,0.07,0.1,0.12,0.2,0.33,0.5
SALA2,Arrowhead,EmergentWetlandModel,Fresh,veg_col_ewf,10,3,0.25,0.0001,0.001,0.01,0.11,0.2,0.35,0.76,3.71,3.71,0.01,0.02,0.04,0.08,0.11,0.14,0.21,0.33,0.5
ZIMI,Cutgrass,EmergentWetlandModel,Fresh,veg_col_ewf,10,3,0.25,0.0001,0.001,0.01,0.13,0.22,0.36,1.08,7.57,7.57,0.01,0.02,0.04,0.09,0.13,0.16,0.21,0.33,0.5
CLMA10,Sawgrass,EmergentWetlandModel,Intermediate,veg_col_ewi,11,2,1.5,0,0.1,0.14,0.3,0.56,1.05,3.18,7.51,7.51,0.01,0.02,0.04,0.05,0.09,0.16,0.21,0.33,0.5
ELCE,Spikerush,EmergentWetlandModel,Intermediate,veg_col_ewi,11,2,1.5,0,0.01,0.11,0.33,0.81,1.76,4.03,9.46,9.46,0.01,0.02,0.04,0.08,0.11,0.13,0.19,0.33,0.5
IVFR,Iva,EmergentWetlandModel,Intermediate,veg_col_ewi,11,2,2.75,0,0.14,0.44,1.59,4.14,8.99,18.9,18.41,28.8,0.01,0.02,0.04,0.08,0.12,0.17,0.2,0.33,0.5
PAVA,Paspalum,EmergentWetlandModel,Intermediate,veg_col_ewi,11,2,2.75,0,0.14,0.43,1.22,2.5,5.12,13.2,20.77,23.71,0.0001,0.001,0.01,0.03,0.07,0.08,0.19,0.33,0.5
PHAU7,RouseauCane,EmergentWetlandModel,Intermediate,veg_col_ewi,11,3,2.75,0,0.07,0.19,0.27,0.9,1.94,6.12,18.21,18.21,0.01,0.02,0.04,0.06,0.12,0.16,0.21,0.33,0.5
POPU5,Smartweed,EmergentWetlandModel,Intermediate,veg_col_ewi,11,3,1.5,0,0,0.08,0.17,0.26,0.68,2.02,9.03,9.03,0.01,0.02,0.06,0.11,0.13,0.16,0.2,0.33,0.5
SALA,Bulltongue,EmergentWetlandModel,Intermediate,veg_col_ewi,11,2,1.5,0,0.01,0.1,0.18,0.28,0.63,1.63,9.46,10.68,0.01,0.02,0.04,0.08,0.11,0.15,0.2,0.33,0.5
SCCA11,Bullwhip,EmergentWetlandModel,Intermediate,veg_col_ewi,11,2,2.75,0,0.1,0.17,0.53,1.22,2.27,5.48,12.32,20.14,0.01,0.02,0.03,0.05,0.07,0.07,0.17,0.33,0.5
TYDO,Cattail,EmergentWetlandModel,Intermediate,veg_col_ewi,11,3,2.75,0,0.01,0.13,0.21,0.57,1.61,4.62,13.81,22.18,0.01,0.02,0.03,0.05,0.09,0.12,0.17,0.33,0.5
SCAM6,ThreeCorner,EmergentWetlandModel,Brackish,veg_col_ewb,12,2,7.15,0,0.07,0.23,1.11,2.39,4.13,7.6,17.88,22.82,0.01,0.02,0.04,0.09,0.13,0.16,0.22,0.33,0.5
SCRO5,LeafyTreecorner,EmergentWetlandModel,Brackish,veg_col_ewb,12,2,11.5,0,0.11,0.94,2.46,5.1,9.35,17.39,21.03,30.45,0.01,0.02,0.03,0.05,0.1,0.15,0.21,0.33,0.5
SPCY,Hogcane,EmergentWetlandModel,Brackish,veg_col_ewb,12,2,11.5,0,0.16,0.24,1.46,2.86,5.37,8.43,15.48,19.69,0.01,0.02,0.03,0.13,0.15,0.19,0.22,0.33,0.5
SPPA,Wiregrass,EmergentWetlandModel,Brackish,veg_col_ewb,12,2,7.15,0,0.07,0.58,1.72,3.53,6.19,13.54,23.19,30.66,0.01,0.02,0.04,0.06,0.11,0.14,0.19,0.33,0.5
AVGE,Mangrove,EmergentWetlandModel,Saline,veg_col_ews,13,3,24,0,6.99,16.83,21.8,23.92,26,26.76,27.67,27.67,0.01,0.02,0.14,0.16,0.17,0.17,0.19,0.33,0.5
DISP,Saltgrass,EmergentWetlandModel,Saline,veg_col_ews,13,2,17.5,0,0.07,1.31,4.01,6.98,10.89,17.8,27.36,30.45,0.01,0.02,0.04,0.07,0.12,0.15,0.2,0.33,0.5
JURO,Needlegrass,EmergentWetlandModel,Saline,veg_col_ews,13,2,17.5,0,0.06,0.67,4.28,7.42,10.4,16.32,26.29,26.29,0.01,0.02,0.09,0.14,0.16,0.18,0.22,0.33,0.5
SPAL,Oystergrass,EmergentWetlandModel,Saline,veg_col_ews,13,1,24,0,0.21,3.37,8.65,13,16.8,20.96,30.89,30.89,0.01,0.02,0.11,0.15,0.16,0.19,0.21,0.33,0.5
BAHABI,,BarrierIslandModel,NA,veg_col_bi,14,1,-9999,0,0,0,0,0,0,0,0,0,0,0,0,0,0,0,0,0,0
DISPBI,,BarrierIslandModel,NA,veg_col_bi,14,1,-9999,0,0,0,0,0,0,0,0,0,0,0,0,0,0,0,0,0,0
PAAM2,,BarrierIslandModel,NA,veg_col_bi,14,1,-9999,0,0,0,0,0,0,0,0,0,0,0,0,0,0,0,0,0,0
SOSE,,BarrierIslandModel,NA,veg_col_bi,14,1,-9999,0,0,0,0,0,0,0,0,0,0,0,0,0,0,0,0,0,0
SPPABI,,BarrierIslandModel,NA,veg_col_bi,14,1,-9999,0,0,0,0,0,0,0,0,0,0,0,0,0,0,0,0,0,0
SPVI3,,BarrierIslandModel,NA,veg_col_bi,14,1,-9999,0,0,0,0,0,0,0,0,0,0,0,0,0,0,0,0,0,0
STHE9,,BarrierIslandModel,NA,veg_col_bi,14,1,-9999,0,0,0,0,0,0,0,0,0,0,0,0,0,0,0,0,0,0
UNPA,,BarrierIslandModel,NA,veg_col_bi,14,1,-9999,0,0,0,0,0,0,0,0,0,0,0,0,0,0,0,0,0,0
