Species_ID,Observations,P00_SAL_min_ppt,P01_SAL_min_ppt,P05_SAL_md_ppt,P25_SAL_md_ppt,P50_SAL_md_ppt,P75_SAL_md_ppt,P95_SAL_md_ppt,P99_SAL_max_ppt,P100_SAL_max2011_ppt
Method,-,set to zero,minimum annual SAL from all sites with species,weighted percentile calculated in SAS,weighted percentile calculated in SAS,weighted percentile calculated in SAS,weighted percentile calculated in SAS,weighted percentile calculated in SAS,maximum annual SAL from all sites with species -  excluding 2011,maximum annual SAL from all sites with species
AVGE,290,0,6.99,16.83,21.8,23.92,26,26.76,27.67,27.67
CLMA10,773,0,0.1,0.14,0.3,0.56,1.05,3.18,7.51,7.51
COES,1537,0,0.1,0.15,0.18,0.2,0.24,1.08,5.82,5.82
DISP,10070,0,0.07,1.31,4.01,6.98,10.89,17.8,27.36,30.45
ELBA2,530,0,0.04,0.13,0.17,0.21,0.42,3.54,9.03,9.03
ELCE,1940,0,0.01,0.11,0.33,0.81,1.76,4.03,9.46,9.46
IVFR,1223,0,0.14,0.44,1.59,4.14,8.99,18.9,18.41,28.8
JURO,4205,0,0.06,0.67,4.28,7.42,10.4,16.32,26.29,26.29
MOCE2,1513,0,0.01,0.1,0.14,0.18,0.26,0.98,4.71,4.86
NYAQ2,135,0,0.01,0.14,0.2,0.25,0.5,0.86,4.52,4.52
PAHE2,3321,0,0.02,0.06,0.1,0.17,0.25,0.5,9.46,9.46
PAVA,2363,0,0.14,0.43,1.22,2.5,5.12,13.2,20.77,23.71
PHAU7,3184,0,0.07,0.19,0.27,0.9,1.94,6.12,18.21,18.21
POPU5,11530,0,0,0.08,0.17,0.26,0.68,2.02,9.03,9.03
SALA,9877,0,0.01,0.1,0.18,0.28,0.63,1.63,9.46,10.68
SALA2,1588,0,0.02,0.11,0.16,0.2,0.35,0.76,3.71,3.71
SANI,420,0,0.06,0.15,0.19,0.2,0.3,1.04,4.64,4.64
SCAM6,8789,0,0.07,0.23,1.11,2.39,4.13,7.6,17.88,22.82
SCCA11,1752,0,0.1,0.17,0.53,1.22,2.27,5.48,12.32,20.14
SCRO5,6071,0,0.11,0.94,2.46,5.1,9.35,17.39,21.03,30.45
SPAL,13613,0,0.21,3.37,8.65,13,16.8,20.96,30.89,30.89
SPCY,903,0,0.16,0.24,1.46,2.86,5.37,8.43,15.48,19.69
SPPA,23888,0,0.07,0.58,1.72,3.53,6.19,13.54,23.19,30.66
TADI2,605,0,0.02,0.06,0.13,0.25,0.66,1.24,4.52,4.52
TYDO,3332,0,0.01,0.13,0.21,0.57,1.61,4.62,13.81,22.18
ZIMI,1433,0,0.04,0.13,0.18,0.22,0.36,1.08,7.57,7.57
