Species_ID,Observations,P00_WLV_m,P01_WLV_m,P05_WLV_md_m,P25_WLV_md_m,P50_WLV_md_m,P75_WLV_md_m,P95_WLV_md_m,P99_WLV_m,P100_WLV_m,
Method,-,minimum annual WLV seen in all of CRMS,1st percentile of WLV seen in all of CRMS,weighted percentile calculated in SAS,weighted percentile calculated in SAS,weighted percentile calculated in SAS,weighted percentile calculated in SAS,weighted percentile calculated in SAS,99th percentile of WLV seen in all of CRMS,maximum annual WLV seen in all of CRMS,
AVGE,290,0.01,0.05,0.14,0.16,0.17,0.17,0.19,0.33,0.50,
CLMA10,773,0.01,0.05,0.04,0.05,0.09,0.16,0.21,0.33,0.50,
COES,1537,0.01,0.05,0.09,0.14,0.15,0.17,0.20,0.33,0.50,
DISP,10070,0.01,0.05,0.04,0.07,0.12,0.15,0.20,0.33,0.50,
ELBA2,530,0.01,0.05,0.03,0.07,0.08,0.10,0.16,0.33,0.50,
ELCE,1940,0.01,0.05,0.04,0.08,0.11,0.13,0.19,0.33,0.50,
IVFR,1223,0.01,0.05,0.04,0.08,0.12,0.17,0.20,0.33,0.50,
JURO,4205,0.01,0.05,0.09,0.14,0.16,0.18,0.22,0.33,0.50,
MOCE2,1513,0.01,0.05,0.05,0.08,0.12,0.16,0.19,0.33,0.50,
NYAQ2,135,0.01,0.05,0.04,0.09,0.12,0.15,0.16,0.33,0.50,
PAHE2,3321,0.01,0.05,0.04,0.07,0.10,0.12,0.20,0.33,0.50,
PAVA,2363,0.01,0.05,0.03,0.05,0.07,0.08,0.19,0.33,0.50,
PHAU7,3184,0.01,0.05,0.04,0.06,0.12,0.16,0.21,0.33,0.50,
POPU5,11530,0.01,0.05,0.06,0.11,0.13,0.16,0.20,0.33,0.50,
SALA,9877,0.01,0.05,0.04,0.08,0.11,0.15,0.20,0.33,0.50,
SALA2,1588,0.01,0.05,0.04,0.08,0.11,0.14,0.21,0.33,0.50,
SANI,420,0.01,0.05,0.05,0.09,0.12,0.15,0.19,0.33,0.50,
SCAM6,8789,0.01,0.05,0.04,0.09,0.13,0.16,0.22,0.33,0.50,
SCCA11,1752,0.01,0.05,0.03,0.05,0.07,0.07,0.17,0.33,0.50,
SCRO5,6071,0.01,0.05,0.03,0.05,0.10,0.15,0.21,0.33,0.50,
SPAL,13613,0.01,0.05,0.11,0.15,0.16,0.19,0.21,0.33,0.50,
SPCY,903,0.01,0.05,0.03,0.13,0.15,0.19,0.22,0.33,0.50,
SPPA,23888,0.01,0.05,0.04,0.06,0.11,0.14,0.19,0.33,0.50,
TADI2,605,0.01,0.05,0.06,0.10,0.12,0.15,0.19,0.33,0.50,
TYDO,3332,0.01,0.05,0.03,0.05,0.09,0.12,0.17,0.33,0.50,
ZIMI,1433,0.01,0.05,0.04,0.09,0.13,0.16,0.21,0.33,0.50,
