UNIVERSAL,0,0.01,0.05,0.1,0.15,0.2,0.25,0.3,0.35,0.4,0.45,0.5,0.55,0.6,0.65,0.7,0.75,0.8,0.85,0.9,0.95,0.99,1
0,1,1,1,1,1,1,1,1,1,1,1,1,1,1,1,1,1,1,1,1,1,1,1
0.01,0.999,0.975,0.975,0.975,0.975,0.975,0.975,0.975,0.975,0.975,0.975,0.975,0.975,0.975,0.975,0.975,0.975,0.975,0.975,0.975,0.975,0.975,0.999
0.05,0.999,0.975,0.8,0.8,0.8,0.8,0.8,0.8,0.8,0.8,0.8,0.8,0.8,0.8,0.8,0.8,0.8,0.8,0.8,0.8,0.8,0.975,0.999
0.1,0.999,0.975,0.8,0.6,0.6,0.6,0.6,0.6,0.6,0.6,0.6,0.6,0.6,0.6,0.6,0.6,0.6,0.6,0.6,0.6,0.8,0.975,0.999
0.15,0.999,0.975,0.8,0.6,0.4,0.4,0.4,0.4,0.4,0.4,0.4,0.4,0.4,0.4,0.4,0.4,0.4,0.4,0.4,0.6,0.8,0.975,0.999
0.2,0.999,0.975,0.8,0.6,0.4,0.2,0.2,0.2,0.2,0.2,0.2,0.2,0.2,0.2,0.2,0.2,0.2,0.2,0.4,0.6,0.8,0.975,0.999
0.25,0.999,0.975,0.8,0.6,0.4,0.2,0,0,0,0,0,0,0,0,0,0,0,0.2,0.4,0.6,0.8,0.975,0.999
0.3,0.999,0.975,0.8,0.6,0.4,0.2,0,0,0,0,0,0,0,0,0,0,0,0.2,0.4,0.6,0.8,0.975,0.999
0.35,0.999,0.975,0.8,0.6,0.4,0.2,0,0,0,0,0,0,0,0,0,0,0,0.2,0.4,0.6,0.8,0.975,0.999
0.4,0.999,0.975,0.8,0.6,0.4,0.2,0,0,0,0,0,0,0,0,0,0,0,0.2,0.4,0.6,0.8,0.975,0.999
0.45,0.999,0.975,0.8,0.6,0.4,0.2,0,0,0,0,0,0,0,0,0,0,0,0.2,0.4,0.6,0.8,0.975,0.999
0.5,0.999,0.975,0.8,0.6,0.4,0.2,0,0,0,0,0,0,0,0,0,0,0,0.2,0.4,0.6,0.8,0.975,0.999
0.55,0.999,0.975,0.8,0.6,0.4,0.2,0,0,0,0,0,0,0,0,0,0,0,0.2,0.4,0.6,0.8,0.975,0.999
0.6,0.999,0.975,0.8,0.6,0.4,0.2,0,0,0,0,0,0,0,0,0,0,0,0.2,0.4,0.6,0.8,0.975,0.999
0.65,0.999,0.975,0.8,0.6,0.4,0.2,0,0,0,0,0,0,0,0,0,0,0,0.2,0.4,0.6,0.8,0.975,0.999
0.7,0.999,0.975,0.8,0.6,0.4,0.2,0,0,0,0,0,0,0,0,0,0,0,0.2,0.4,0.6,0.8,0.975,0.999
0.75,0.999,0.975,0.8,0.6,0.4,0.2,0,0,0,0,0,0,0,0,0,0,0,0.2,0.4,0.6,0.8,0.975,0.999
0.8,0.999,0.975,0.8,0.6,0.4,0.2,0.2,0.2,0.2,0.2,0.2,0.2,0.2,0.2,0.2,0.2,0.2,0.2,0.4,0.6,0.8,0.975,0.999
0.85,0.999,0.975,0.8,0.6,0.4,0.4,0.4,0.4,0.4,0.4,0.4,0.4,0.4,0.4,0.4,0.4,0.4,0.4,0.4,0.6,0.8,0.975,0.999
0.9,0.999,0.975,0.8,0.6,0.6,0.6,0.6,0.6,0.6,0.6,0.6,0.6,0.6,0.6,0.6,0.6,0.6,0.6,0.6,0.6,0.8,0.975,0.999
0.95,0.999,0.975,0.8,0.8,0.8,0.8,0.8,0.8,0.8,0.8,0.8,0.8,0.8,0.8,0.8,0.8,0.8,0.8,0.8,0.8,0.8,0.975,0.999
0.99,0.999,0.975,0.975,0.975,0.975,0.975,0.975,0.975,0.975,0.975,0.975,0.975,0.975,0.975,0.975,0.975,0.975,0.975,0.975,0.975,0.975,0.975,0.999
1,1,1,1,1,1,1,1,1,1,1,1,1,1,1,1,1,1,1,1,1,1,1,1
