site,year,salinity,depth (ft)
2,2010,4.37,-0.12128
3,2010,8.63,-0.58933
6,2010,3.43,0.034794
30,2010,0.8,-0.30301
33,2010,0.8,-0.033124
34,2010,0.68,-0.097843
38,2010,0.1,0.22558
39,2010,0.13,1.0062
46,2010,0.02,-0.3177
47,2010,0.3,-0.42413
56,2010,0.4,0.2214
86,2010,0.02,-0.12365
97,2010,0.15,-0.046536
103,2010,0.05,-0.12439
108,2010,6.05,-0.49928
121,2010,0.6,-0.0082488
125,2010,1.28,-0.058
131,2010,0.96,-0.66135
132,2010,1.32,-0.38022
135,2010,1,-0.52978
136,2010,1.65,-0.78551
139,2010,NaN,-0.11547
148,2010,2.68,-0.9998
154,2010,NaN,-0.38077
156,2010,0.18,-0.5683
159,2010,0.17,-0.15832
163,2010,NaN,-0.26733
164,2010,12.37,-0.090208
171,2010,19.08,-0.23927
172,2010,16.49,0.067198
173,2010,14.59,-0.1578
174,2010,20.88,-0.12662
175,2010,4.86,0.025432
178,2010,9.56,-0.44318
179,2010,14.08,-0.34076
181,2010,19.07,-0.37989
209,2010,9.18,-0.86693
217,2010,0.03,0.54699
220,2010,0.4,-0.17478
225,2010,0.47,-0.26204
226,2010,3.15,-0.54677
232,2010,1.02,-0.34882
248,2010,0.27,-0.40697
251,2010,0.67,0.06412
253,2010,0.39,-0.36927
258,2010,2.5,-0.19824
260,2010,2.94,-0.25232
261,2010,0.2,-0.20529
263,2010,1.9,-0.20436
272,2010,14.14,-0.048159
292,2010,21.29,-0.25148
293,2010,3.54,-0.36076
302,2010,18.55,-0.34194
303,2010,9.52,-0.54453
305,2010,NaN,-0.66353
307,2010,4.77,-0.14709
309,2010,3.21,-0.47285
310,2010,11.34,0.053722
311,2010,11.2,-0.22824
315,2010,4.62,-0.025294
319,2010,10.07,-0.039225
322,2010,9.4,-0.30566
324,2010,0.08,0.048619
326,2010,2.8,-0.61059
332,2010,4.37,-0.61642
335,2010,NaN,-0.028765
336,2010,14.34,-0.14023
337,2010,5.12,-0.11844
338,2010,13.09,0.11244
341,2010,13.19,0.05677
345,2010,15.86,0.14747
347,2010,6.03,-0.14298
354,2010,0.6,-0.34694
355,2010,NaN,-0.8581
369,2010,2.19,-0.41022
374,2010,22.47,-0.13723
376,2010,19.25,0.16336
377,2010,14.28,-0.35341
383,2010,14.31,-0.065265
386,2010,5.08,-0.15463
387,2010,6.28,-0.29226
390,2010,3.31,-0.15463
392,2010,3.96,0.034903
397,2010,8.11,-0.094296
398,2010,NaN,-0.77507
399,2010,1.29,-0.42757
400,2010,0.71,-0.11602
416,2010,3.81,-0.18858
421,2010,14.55,0.027455
434,2010,0.81,-0.31842
461,2010,0.11,0.091556
479,2010,0.1,0.22059
482,2010,NaN,0.19415
488,2010,0.44,-0.2329
489,2010,0.18,-0.80387
498,2010,3.96,0.084162
499,2010,6.84,-0.12041
501,2010,1.57,-0.031638
504,2010,1.71,0.037476
507,2010,1.11,0.11672
508,2010,1.07,-0.14836
513,2010,0.84,0.66748
517,2010,0.14,-0.88754
520,2010,NaN,-0.72616
523,2010,0.81,-0.60265
531,2010,0.29,-0.84198
532,2010,0.3,-1.1003
535,2010,1.3,-0.56465
541,2010,3.4,-0.99887
542,2010,NaN,NaN
543,2010,NaN,-0.97218
545,2010,0.14,-0.47182
547,2010,0.09,-0.24066
550,2010,0.11,-0.751
551,2010,0.07,-0.65937
553,2010,1.23,0.10392
554,2010,0.32,0.0066838
556,2010,0.63,0.37724
560,2010,0.59,0.69778
562,2010,0.47,0.14047
565,2010,0.2,0.28622
567,2010,NaN,0.17324
570,2010,0.41,0.97276
571,2010,0.65,0.1342
572,2010,0.39,0.2942
574,2010,0.18,0.19028
576,2010,6.4,0.11023
580,2010,1.5,-0.16564
581,2010,NaN,0.14291
583,2010,1.68,-0.558
587,2010,0.94,-0.092116
590,2010,0.05,0.35592
595,2010,0.45,0.096267
603,2010,0.93,0.10544
604,2010,0.62,0.31411
605,2010,0.77,-0.11579
608,2010,NaN,-0.15302
609,2010,1.1,-0.061061
614,2010,8.9,-0.51723
616,2010,1.09,0.12578
618,2010,1.06,-0.1848
619,2010,NaN,0.37819
623,2010,2.31,-0.062141
624,2010,0.52,-0.23275
626,2010,6.2,-0.31631
633,2010,1.7,-0.11478
638,2010,1.7,-0.053354
641,2010,3.1,-0.20416
645,2010,1.19,-0.079406
651,2010,2.5,-0.10863
655,2010,8.61,-0.26371
658,2010,0.89,-0.031623
660,2010,3.19,-0.41298
661,2010,3.31,0.1591
662,2010,0.74,-0.27674
663,2010,1.19,-0.040007
665,2010,2.45,0.088509
669,2010,3.23,-0.030687
672,2010,NaN,0.078502
677,2010,1.84,0.040738
682,2010,1.15,-0.20958
683,2010,NaN,-0.21735
684,2010,1.46,-0.0051083
685,2010,8.86,-0.24828
687,2010,7.69,-0.16298
697,2010,4.96,-0.20925
978,2010,9.5,0.17659
1024,2010,6.37,-0.47766
1069,2010,6.47,-0.61074
1100,2010,1.02,-0.39093
1130,2010,1.7,-0.03258
1205,2010,3.3,-0.10605
1277,2010,0.2,0.30512
1409,2010,1.24,-0.19595
1446,2010,0.15,-0.022463
1650,2010,0.51,-0.61349
1738,2010,2.2,-0.13576
1743,2010,2.23,-0.35068
1858,2010,1.7,-0.10924
2041,2010,0.43,-0.729
2154,2010,3.41,0.01241
2156,2010,3.85,-0.16912
2219,2010,1.62,-0.44339
2334,2010,2.77,-0.016961
2418,2010,0.8,-0.13414
2493,2010,1.26,-0.3123
2568,2010,NaN,-0.14246
2608,2010,0.17,0.17861
2627,2010,0.16,0.021361
2634,2010,0.33,-0.10885
2825,2010,0.61,-0.31343
2830,2010,0.87,-0.52354
2854,2010,3.54,-0.28879
3054,2010,0.07,-0.21416
3136,2010,0.05,-0.24543
3601,2010,NaN,0.034639
3617,2010,2,-0.11979
3626,2010,4.36,-0.24604
3639,2010,2.52,-0.56866
3641,2010,1.33,-0.36911
3650,2010,4.17,-0.56805
3664,2010,3.12,-0.20471
3680,2010,4.95,-0.45523
3784,2010,2.83,-0.068179
3800,2010,3.56,-0.038762
3913,2010,0.35,-0.5486
3985,2010,0.7,0.069378
4014,2010,0.12,-0.64644
4016,2010,0.1,-0.30657
4045,2010,NaN,-0.54077
4094,2010,0.65,-0.3923
4103,2010,0.7,-0.32729
4107,2010,3.41,0.31432
4406,2010,1.78,-0.092532
4407,2010,0.14,-0.098379
4448,2010,0.17,0.99284
4455,2010,2.27,-0.2654
4529,2010,8.29,-0.36561
4551,2010,5.14,0.00084439
4557,2010,10.79,-0.17054
4572,2010,4.88,-0.33104
4596,2010,NaN,-0.27336
4626,2010,0.45,-0.35536
4690,2010,0.54,-0.16489
4782,2010,0.11,-0.050675
4808,2010,0.15,0.2847
4900,2010,NaN,0.53377
4938,2010,NaN,1.0796
5035,2010,0.06,0.44333
5167,2010,0.1,0.090042
5255,2010,0.14,-0.057616
5267,2010,0.15,0.018196
5373,2010,0.1,0.42129
5414,2010,0.13,0.094519
5452,2010,0.01,0.028411
5845,2010,0.09,-0.0052477
6038,2010,0.11,-0.48317
6042,2010,NaN,-0.30658
6088,2010,0.02,-0.45936
6090,2010,0.03,-0.31191
6209,2010,0.3,-0.27329
6303,2010,0.34,-0.52366
6304,2010,0.11,-0.68161
2,2011,8.51,-0.10872
3,2011,28.21,-0.66545
6,2011,4.09,-0.045034
30,2011,1.97,-0.35968
33,2011,1.93,-0.062184
34,2011,2.21,-0.11482
38,2011,0.29,0.2115
39,2011,0.31,0.98044
46,2011,0.12,-0.32824
47,2011,0.5,-0.42829
56,2011,0.94,0.21697
86,2011,5.46,-0.24809
97,2011,0.43,-0.068453
103,2011,0.35,-0.17119
108,2011,13.55,-0.55581
121,2011,2.2,-0.0076671
125,2011,1.16,-0.22101
131,2011,1.83,-0.78744
132,2011,2.74,-0.4086
135,2011,10.6,-0.69312
136,2011,4.86,-0.85909
139,2011,3.74,-0.096374
148,2011,9.02,-1.0715
154,2011,1.17,-0.3208
156,2011,1.32,-0.53673
159,2011,1.37,-0.14632
163,2011,1.07,-0.2881
164,2011,22.85,-0.1721
171,2011,22.24,-0.29203
172,2011,22.97,-0.04258
173,2011,21.39,-0.13276
174,2011,21.67,-0.20544
175,2011,16.13,-0.093606
178,2011,11.74,-0.52945
179,2011,22.76,-0.43463
181,2011,19.05,-0.42631
209,2011,17.73,-1.0299
217,2011,0.09,0.044031
220,2011,11.48,-0.24476
225,2011,7.82,-0.3011
226,2011,18.33,-0.71251
232,2011,20.56,-0.44192
248,2011,10.91,-0.46826
251,2011,17.47,-0.026473
253,2011,12.22,-0.44532
258,2011,14.4,-0.21647
260,2011,15.07,-0.32107
261,2011,4.95,-0.27275
263,2011,9.9,-0.24313
272,2011,NaN,-0.17483
292,2011,29.61,-0.34464
293,2011,5.87,-0.50331
302,2011,26.06,-0.37357
303,2011,11.82,-0.70605
305,2011,1.74,-0.75801
307,2011,12.42,-0.21837
309,2011,9.2,-0.58987
310,2011,20.9,-0.035977
311,2011,20.72,-0.31139
315,2011,10.12,-0.11848
319,2011,20.83,-0.13508
322,2011,16.3,-0.42105
324,2011,0.21,-0.27404
326,2011,10.4,-0.65728
332,2011,12.28,-0.70374
335,2011,19.95,-0.16632
336,2011,20.42,-0.20736
337,2011,18.3,-0.20034
338,2011,21.55,0.03938
341,2011,22.68,-0.015873
345,2011,26.67,-0.049876
347,2011,26.81,-0.23562
354,2011,6.5,-0.33418
355,2011,24.41,-0.87311
369,2011,12.21,-0.48491
374,2011,25.62,-0.22314
376,2011,28.08,0.029861
377,2011,16.11,-0.45489
383,2011,21.36,-0.096856
386,2011,16.56,-0.2069
387,2011,14.73,-0.37706
390,2011,8.41,-0.17599
392,2011,8.96,-0.017579
397,2011,17.99,-0.16938
398,2011,2.21,-0.95911
399,2011,7.22,-0.44645
400,2011,3.41,-0.13674
416,2011,14.03,-0.22257
421,2011,26.06,-0.012071
434,2011,13.1,-0.39655
461,2011,0.24,0.26556
479,2011,0.22,0.17414
482,2011,0.24,0.26565
488,2011,0.37,-0.24376
489,2011,0.29,-0.85097
498,2011,4.42,-0.02058
499,2011,7.53,-0.26268
501,2011,6.09,-0.14113
504,2011,2.77,0.016822
507,2011,7.33,-0.10257
508,2011,4.55,-0.48807
513,2011,0.27,0.62718
517,2011,0.34,-0.86485
520,2011,9.37,-0.80697
523,2011,10.18,-0.86771
531,2011,3.5,-0.88261
532,2011,4.16,-1.1649
535,2011,10.61,-0.70966
541,2011,9.24,-1.2208
542,2011,0.17,NaN
543,2011,0.5,-1.0547
545,2011,1.58,-0.52409
547,2011,0.78,-0.30577
550,2011,0.53,-0.89864
551,2011,0.41,-0.71194
553,2011,4.7,-0.040135
554,2011,1.59,-0.17101
556,2011,1.2,0.25938
560,2011,0.87,0.075006
562,2011,3,-0.080491
565,2011,0.7,-0.19163
567,2011,1.16,-0.030482
570,2011,0.87,0.75397
571,2011,1.24,-0.053694
572,2011,0.97,0.16219
574,2011,1.53,0.051747
576,2011,1.69,-0.015719
580,2011,5.1,-0.33361
581,2011,13.95,-0.087568
583,2011,3.93,-0.85172
587,2011,7.94,-0.43773
590,2011,1.82,0.11823
595,2011,1.51,-0.10538
603,2011,3.15,-0.1885
604,2011,3.06,0.12694
605,2011,5.56,-0.29716
608,2011,2.66,-0.21674
609,2011,10.1,-0.2049
614,2011,19.1,-0.63017
616,2011,4.82,-0.10137
618,2011,8.08,-0.48599
619,2011,2.11,0.22254
623,2011,5.29,-0.068426
624,2011,1.8,-0.48786
626,2011,1,-0.43476
633,2011,6.3,-0.2805
638,2011,13,-0.39881
641,2011,13,-0.54312
645,2011,22.64,-0.32666
651,2011,11.85,-0.44353
655,2011,24.09,-0.22827
658,2011,11.29,-0.215
660,2011,7.6,-0.69045
661,2011,8.66,-0.1467
662,2011,6.94,-0.48203
663,2011,7.4,-0.24672
665,2011,10.74,-0.031912
669,2011,7.35,-0.33082
672,2011,15.75,-0.17104
677,2011,8.12,-0.36858
682,2011,5.26,-0.55882
683,2011,9.66,-0.4674
684,2011,14.95,-0.24533
685,2011,20.79,-0.3777
687,2011,22.78,-0.42762
697,2011,9.91,-0.40013
978,2011,20.53,0.15672
1024,2011,14.52,-0.56234
1069,2011,29.23,-0.68878
1100,2011,1.22,-0.66213
1130,2011,0.9,-0.11564
1205,2011,10.39,-0.54188
1277,2011,0.2,-0.34318
1409,2011,2.88,-0.44554
1446,2011,1.76,-0.18759
1650,2011,4.41,-0.74795
1738,2011,18.9,-0.35355
1743,2011,17.55,-0.343
1858,2011,9.5,-0.61461
2041,2011,5.44,-0.85962
2154,2011,6.75,-0.30058
2156,2011,7.62,-0.45034
2219,2011,3.94,-0.83157
2334,2011,12.08,-0.31898
2418,2011,20.3,-0.35355
2493,2011,6.51,-0.50419
2568,2011,0.23,-0.081878
2608,2011,0.64,0.18373
2627,2011,0.86,0.10804
2634,2011,0.95,-0.090722
2825,2011,14.81,-0.36221
2830,2011,2.68,-0.53477
2854,2011,4.16,-0.30545
3054,2011,0.37,-0.29603
3136,2011,0.16,-0.39029
3601,2011,9.7,-0.14812
3617,2011,14.61,-0.15317
3626,2011,7.04,-0.16569
3639,2011,5.6,-0.54127
3641,2011,1.19,-0.34255
3650,2011,6.03,-0.62743
3664,2011,6.75,-0.19524
3680,2011,17.96,-0.50742
3784,2011,12.99,-0.14143
3800,2011,7.08,-0.10378
3913,2011,0.94,-0.48379
3985,2011,3.3,0.023639
4014,2011,0.24,-0.61202
4016,2011,0.2,-0.32961
4045,2011,1.74,-0.68356
4094,2011,1.58,-0.41206
4103,2011,2.9,-0.37667
4107,2011,5.55,-0.52954
4406,2011,12.11,-0.11676
4407,2011,5.87,-0.20263
4448,2011,0.76,1.0156
4455,2011,11.29,-0.38568
4529,2011,19.1,-0.46007
4551,2011,8.07,-0.12581
4557,2011,19.58,-0.2925
4572,2011,25.41,-0.51545
4596,2011,17.74,-0.4247
4626,2011,2.01,-0.39984
4690,2011,19.56,-0.26958
4782,2011,0.23,-0.055556
4808,2011,0.38,0.4476
4900,2011,0.23,0.72657
4938,2011,0.23,1.1495
5035,2011,NaN,0.27087
5167,2011,0.22,0.062913
5255,2011,0.49,-0.13902
5267,2011,0.05,-0.0066899
5373,2011,0.2,0.38164
5414,2011,0.43,0.070557
5452,2011,0.49,0.035906
5845,2011,0.26,-0.024144
6038,2011,0.24,-0.47079
6042,2011,0.3,-0.038758
6088,2011,4.46,-0.66594
6090,2011,5.1,-0.53889
6209,2011,1.19,-0.20071
6303,2011,5.89,-0.61027
6304,2011,0.24,-0.68992
2,2012,7.01,0.10564
3,2012,21.8,-0.46464
6,2012,5.74,0.092013
30,2012,3.05,-0.20224
33,2012,2.91,0.16836
34,2012,2.75,0.020709
38,2012,0.69,0.51387
39,2012,0.51,1.2267
46,2012,0.17,0.026081
47,2012,1,-0.18532
56,2012,1.47,0.40344
86,2012,0.8,0.011914
97,2012,0.61,0.20643
103,2012,0.74,0.12341
108,2012,17.71,-0.31711
121,2012,0.6,0.14209
125,2012,1.69,0.075382
131,2012,1.01,-0.55276
132,2012,1.96,-0.23972
135,2012,0.5,-0.51231
136,2012,2.4,-0.67792
139,2012,0.14,-0.063951
148,2012,0.2,-0.82165
154,2012,0.15,-0.24987
156,2012,0.15,-0.43491
159,2012,0.15,0.082531
163,2012,0.16,-0.22484
164,2012,22.13,0.040727
171,2012,4.77,-0.13282
172,2012,15.28,0.11299
173,2012,19.03,-0.054152
174,2012,12.82,-0.042386
175,2012,18.08,0.19013
178,2012,19.02,-0.2935
179,2012,17.69,-0.17874
181,2012,10.57,-0.29408
209,2012,15.52,-0.6991
217,2012,0.13,0.49617
220,2012,6.24,-0.069144
225,2012,10.07,-0.14046
226,2012,10.18,-0.43895
232,2012,8.73,-0.23993
248,2012,4.95,-0.29514
251,2012,9.43,0.12122
253,2012,6.44,-0.28449
258,2012,2.3,-0.1021
260,2012,6.79,-0.15821
261,2012,3.56,-0.11471
263,2012,6.1,-0.11289
272,2012,19.72,-0.036642
292,2012,23.83,-0.14701
293,2012,9.74,-0.33095
302,2012,24.54,-0.23838
303,2012,7.35,-0.54616
305,2012,0.35,-0.72744
307,2012,13.76,-0.061993
309,2012,NaN,-0.49288
310,2012,22.28,0.14649
311,2012,18.14,-0.14399
315,2012,14.89,-0.0040176
319,2012,22.78,0.043676
322,2012,13.9,-0.2457
324,2012,0.16,-0.2083
326,2012,5.1,-0.54133
332,2012,4.37,-0.54235
335,2012,23.26,0.0012787
336,2012,24.32,-0.059235
337,2012,24.27,-0.064714
338,2012,25.81,0.23337
341,2012,26.07,0.21477
345,2012,21.65,0.1254
347,2012,14.33,-0.099536
354,2012,0.8,-0.20496
355,2012,24.42,-0.6891
369,2012,8.03,-0.33676
374,2012,36.61,-0.079279
376,2012,24.33,0.24014
377,2012,15.64,-0.27855
383,2012,16.12,0.0081046
386,2012,19.57,-0.053178
387,2012,21.75,-0.20995
390,2012,13.42,-0.0046803
392,2012,13.22,0.16352
397,2012,19.78,0.038385
398,2012,0.73,-0.80059
399,2012,1.09,-0.21787
400,2012,16.9,0.036485
416,2012,NaN,0.050853
421,2012,22.32,0.13363
434,2012,4.27,-0.27524
461,2012,0.13,-0.03857
479,2012,0.12,-0.025003
482,2012,0.13,-0.10829
488,2012,0.31,-0.32475
489,2012,0.43,-0.76822
498,2012,8.57,0.078925
499,2012,6.51,-0.20634
501,2012,7.41,0.081136
504,2012,8.31,0.18008
507,2012,7.25,0.11701
508,2012,5.43,-0.018269
513,2012,0.77,0.76711
517,2012,1,-0.93173
520,2012,4.28,-0.63706
523,2012,4.95,-0.6517
531,2012,4.69,-0.7639
532,2012,2.79,-1.0702
535,2012,8.31,-0.52361
541,2012,7.13,-1.0144
542,2012,0.23,NaN
543,2012,0.18,-1.0061
545,2012,0.26,-0.40534
547,2012,1.33,-0.15606
550,2012,0.14,-0.70662
551,2012,0.24,-0.8329
553,2012,3.83,0.66608
554,2012,2.66,0.44355
556,2012,1.88,0.91135
560,2012,1.25,0.99885
562,2012,2.53,0.56528
565,2012,3.1,0.5599
567,2012,3.57,0.18978
570,2012,3.7,1.3004
571,2012,4.2,0.26035
572,2012,1.72,0.52177
574,2012,2.59,0.54898
576,2012,6.49,0.16697
580,2012,NaN,-0.11724
581,2012,21.14,0.31351
583,2012,5.71,0.048257
587,2012,6.5,0.3051
590,2012,1.3,0.75459
595,2012,2.58,0.50496
603,2012,2.72,0.47986
604,2012,2.5,0.67426
605,2012,4.01,0.35211
608,2012,3.28,0.36565
609,2012,19,0.032959
614,2012,33.5,-0.18584
616,2012,5.91,0.19676
618,2012,6.4,-0.24719
619,2012,4.59,0.32265
623,2012,9.58,-0.064418
624,2012,4.36,0.33637
626,2012,2.4,0.18998
633,2012,8.5,-0.083111
638,2012,23.9,0.17128
641,2012,24.2,-0.010404
645,2012,23.18,0.18697
651,2012,22.7,0.060844
655,2012,24.69,0.25205
658,2012,16.16,0.09722
660,2012,19.37,-0.30533
661,2012,19.09,0.34561
662,2012,14.66,-0.20741
663,2012,14.46,0.021507
665,2012,11.32,0.34246
669,2012,13.14,0.0035026
672,2012,19.94,0.13668
677,2012,23.37,0.17898
682,2012,15.15,0.03877
683,2012,17.5,-0.094338
684,2012,20.34,0.019453
685,2012,22.94,-0.23175
687,2012,21.73,-0.089715
697,2012,10.57,-0.15954
978,2012,22.53,0.3088
1024,2012,19.59,-0.30646
1069,2012,23.88,-0.45364
1100,2012,3.24,0.033401
1130,2012,4.6,0.44024
1205,2012,27.18,0.018874
1277,2012,3.8,0.48299
1409,2012,4.1,0.33402
1446,2012,2.21,0.41945
1650,2012,5.56,-0.6146
1738,2012,22.1,0.13232
1743,2012,22,-0.055214
1858,2012,11.1,0.13372
2041,2012,6.66,-0.71212
2154,2012,22.31,0.094416
2156,2012,20.91,-0.073045
2219,2012,8.93,-0.38059
2334,2012,24.93,0.10442
2418,2012,25.2,0.1475
2493,2012,NaN,0.22501
2568,2012,0.14,-0.36821
2608,2012,0.15,-0.0087414
2627,2012,0.16,0.1684
2634,2012,0.16,-0.15293
2825,2012,0.95,-0.2098
2830,2012,3.55,-0.33644
2854,2012,4.64,-0.12638
3054,2012,0.9,-0.10084
3136,2012,0.25,-0.13295
3601,2012,11.1,-0.015635
3617,2012,9.01,0.040358
3626,2012,6.77,-0.02339
3639,2012,2.86,-0.38555
3641,2012,1.49,-0.22305
3650,2012,7.58,-0.34018
3664,2012,2.54,-0.047079
3680,2012,9.19,-0.3899
3784,2012,8.93,0.04912
3800,2012,9.61,0.11729
3913,2012,1.37,-0.27025
3985,2012,NaN,0.12076
4014,2012,0.12,-0.82125
4016,2012,0.1,-0.53026
4045,2012,0.36,-0.56015
4094,2012,2.3,-0.18487
4103,2012,0.9,-0.22985
4107,2012,NaN,-0.14423
4406,2012,6.26,0.1441
4407,2012,3.09,0.074568
4448,2012,0.15,0.94489
4455,2012,11.12,-0.22988
4529,2012,16.86,-0.36935
4551,2012,10.06,0.092353
4557,2012,19.85,-0.063783
4572,2012,13.11,-0.2284
4596,2012,15.01,-0.16934
4626,2012,0.17,-0.22726
4690,2012,5.61,-0.069279
4782,2012,0.12,-0.62
4808,2012,0.4,-0.049545
4900,2012,0.13,0.02033
4938,2012,0.13,0.60811
5035,2012,0.13,0.17427
5167,2012,0.5,0.39178
5255,2012,0.8,0.17548
5267,2012,0.31,0.24208
5373,2012,0.6,0.76593
5414,2012,0.86,0.38447
5452,2012,0.33,0.19185
5845,2012,0.3,0.17811
6038,2012,0.14,-0.97498
6042,2012,0.13,-0.63117
6088,2012,0.11,-0.11742
6090,2012,0.02,-0.14851
6209,2012,1.77,0.05417
6303,2012,2.82,-0.43969
6304,2012,0.13,-0.64426
2,2013,5.67,0.21761
3,2013,24.97,-0.41396
6,2013,5.34,0.20381
30,2013,1.75,-0.069096
33,2013,1.89,0.36894
34,2013,1.63,0.14147
38,2013,0.3,0.6332
39,2013,0.16,1.2216
46,2013,0.05,0.16753
47,2013,0.6,0.041963
56,2013,1.17,0.46717
86,2013,0.06,0.46598
97,2013,0.35,0.37923
103,2013,0.25,0.18557
108,2013,12.3,-0.25064
121,2013,5.32,0.3547
125,2013,1.55,0.15542
131,2013,6.57,-0.46118
132,2013,7.32,-0.1564
135,2013,5.34,-0.4141
136,2013,7.34,-0.49357
139,2013,0.21,0.1466
148,2013,4.1,-0.72533
154,2013,0.49,-0.0752
156,2013,0.56,-0.26136
159,2013,0.53,0.2312
163,2013,1.45,-0.13134
164,2013,25.89,0.10584
171,2013,29.55,-0.075075
172,2013,26.31,0.13851
173,2013,22.7,-0.070562
174,2013,24.89,-0.029773
175,2013,18.38,0.19162
178,2013,22.84,-0.25969
179,2013,24.16,-0.17244
181,2013,27.28,-0.3498
209,2013,18.8,-0.42607
217,2013,0.09,0.62866
220,2013,6.49,-0.03427
225,2013,9.36,-0.084415
226,2013,14.14,-0.47699
232,2013,9.88,-0.19562
248,2013,8.44,-0.28574
251,2013,8.59,0.021398
253,2013,6.88,-0.24979
258,2013,16.83,-0.028091
260,2013,15.06,-0.19399
261,2013,5.58,-0.055403
263,2013,14.6,-0.089264
272,2013,23.17,0.031686
292,2013,32.16,-0.17227
293,2013,12.88,-0.26494
302,2013,26.89,-0.247
303,2013,12.53,-0.515
305,2013,1,-0.59439
307,2013,17.63,-0.034514
309,2013,9.42,-0.38661
310,2013,22.25,0.099542
311,2013,23.8,-0.11143
315,2013,NaN,-0.29785
319,2013,18.98,0.049605
322,2013,14.51,-0.2274
324,2013,0.11,0.14524
326,2013,11.11,-0.44731
332,2013,12.74,-0.53875
335,2013,14.07,0.024439
336,2013,5.47,-0.040134
337,2013,24.69,-0.063979
338,2013,17.19,0.30363
341,2013,21.68,0.076495
345,2013,23.27,0.14453
347,2013,20.88,-0.033641
354,2013,7.49,-0.099438
355,2013,22.02,-0.64449
369,2013,11.26,-0.29677
374,2013,25.13,-0.042678
376,2013,25.03,0.35127
377,2013,15.92,-0.26565
383,2013,19.26,0.091764
386,2013,15.69,-0.053362
387,2013,15.7,-0.051
390,2013,9.61,0.048905
392,2013,9.17,0.20378
397,2013,18.17,0.054092
398,2013,6.47,-0.76788
399,2013,9.23,-0.27506
400,2013,10.14,0.069159
416,2013,NaN,0.050996
421,2013,25.98,0.16622
434,2013,16.84,-0.27239
461,2013,0.16,0.24748
479,2013,0.15,0.2011
482,2013,0.21,0.068387
488,2013,0.24,-0.16247
489,2013,3.75,-0.6863
498,2013,13.25,0.15717
499,2013,10.57,-0.11947
501,2013,3.78,0.11027
504,2013,8.56,0.32849
507,2013,5.24,0.14777
508,2013,5.53,0.1498
513,2013,0.24,0.90553
517,2013,4.86,-0.97384
520,2013,12.14,-0.58743
523,2013,14.35,-0.63896
531,2013,2.33,-0.73999
532,2013,5.74,-1.1453
535,2013,8.71,-0.4943
541,2013,17.26,-0.95195
542,2013,0.36,NaN
543,2013,0.29,-0.96874
545,2013,1.39,-0.38864
547,2013,2.65,-0.15409
550,2013,0.4,-0.70341
551,2013,0.21,-0.66178
553,2013,0.67,0.63035
554,2013,0.63,0.43375
556,2013,0.36,0.94243
560,2013,0.67,1.2379
562,2013,1.31,0.62223
565,2013,0.79,0.6613
567,2013,0.35,0.32524
570,2013,1.01,1.4151
571,2013,1.7,0.34919
572,2013,0.92,0.60201
574,2013,0.7,0.57919
576,2013,4.79,0.26596
580,2013,5.22,-0.025766
581,2013,23.05,0.28792
583,2013,1.14,0.095333
587,2013,0.72,0.4617
590,2013,0.29,0.89026
595,2013,0.61,0.56258
603,2013,2.83,0.517
604,2013,1.1,0.7575
605,2013,0.59,0.41224
608,2013,2.06,0.34212
609,2013,6.8,0.082791
614,2013,13.28,-0.23487
616,2013,2.07,0.2721
618,2013,0.98,-0.11314
619,2013,1.91,0.41529
623,2013,5.11,0.017814
624,2013,0.51,0.37164
626,2013,1.56,0.29645
633,2013,6.3,0.072073
638,2013,6.87,0.054756
641,2013,8.69,-0.02374
645,2013,5.4,0.2586
651,2013,8.9,-0.016538
655,2013,15.02,0.15789
658,2013,13.34,0.070289
660,2013,7.84,-0.3237
661,2013,5.81,0.32744
662,2013,7.42,-0.2296
663,2013,8.31,0.0095587
665,2013,4.35,0.32832
669,2013,8.52,-0.027413
672,2013,15.85,0.13301
677,2013,3.78,0.13318
682,2013,3.52,0.001792
683,2013,NaN,-0.096086
684,2013,14.74,0.029136
685,2013,NaN,-0.20386
687,2013,23.38,-0.27685
697,2013,4.87,-0.15868
978,2013,21.19,0.30783
1024,2013,14.68,-0.18775
1069,2013,24.72,-0.43677
1100,2013,1.73,0.065312
1130,2013,1.62,0.59083
1205,2013,6.59,-0.03778
1277,2013,0.45,0.54633
1409,2013,0.78,0.32227
1446,2013,0.42,0.46158
1650,2013,4.55,-0.57513
1738,2013,6.58,0.17658
1743,2013,10.15,-0.033441
1858,2013,2.33,0.15655
2041,2013,2.01,-0.64315
2154,2013,5.08,0.1303
2156,2013,6.89,-0.071071
2219,2013,2.19,-0.39581
2334,2013,8.49,0.13174
2418,2013,4,0.16857
2493,2013,1.13,0.24412
2568,2013,0.23,-0.19573
2608,2013,0.21,0.26004
2627,2013,0.44,0.35305
2634,2013,0.48,0.12463
2825,2013,6.49,-0.40141
2830,2013,3.56,-0.17234
2854,2013,4.89,-0.034494
3054,2013,0.19,-0.10596
3136,2013,0.13,-0.10707
3601,2013,13,0.081479
3617,2013,14.09,0.0463
3626,2013,5.62,0.11533
3639,2013,6.07,-0.23406
3641,2013,7.08,-0.10978
3650,2013,6.13,-0.21214
3664,2013,7.91,-0.054109
3680,2013,20.08,-0.37642
3784,2013,5.65,0.11386
3800,2013,9.74,0.2299
3913,2013,0.98,-0.057756
3985,2013,2.4,0.20807
4014,2013,0.18,-0.67244
4016,2013,0.2,-0.30628
4045,2013,1.67,-0.5088
4094,2013,1.05,-0.066916
4103,2013,5.81,-0.21841
4107,2013,3.2,0.30998
4406,2013,3.67,0.22613
4407,2013,0.25,0.11952
4448,2013,0.33,1.09
4455,2013,12.75,-0.21088
4529,2013,17.63,-0.2522
4551,2013,9.16,0.25695
4557,2013,19.14,0.038407
4572,2013,10.03,-0.18306
4596,2013,12.11,-0.045957
4626,2013,9.89,-0.1077
4690,2013,8.28,-0.073452
4782,2013,0.17,-0.13164
4808,2013,0.44,0.15107
4900,2013,0.15,0.49385
4938,2013,0.15,0.97796
5035,2013,0.23,0.43135
5167,2013,0.46,0.51187
5255,2013,0.29,0.2795
5267,2013,0.09,0.3819
5373,2013,0.2,0.84795
5414,2013,0.32,0.44129
5452,2013,0.01,0.39773
5845,2013,0.11,0.48028
6038,2013,0.19,-0.64572
6042,2013,0.25,-0.27843
6088,2013,0.02,0.28729
6090,2013,0.01,0.52948
6209,2013,0.76,0.19394
6303,2013,4.29,-0.37253
6304,2013,0.16,-0.41811
2,2014,4.25,-0.031458
3,2014,15.93,-0.56483
6,2014,2.69,-0.013628
30,2014,1.72,-0.27819
33,2014,1.86,0.13058
34,2014,1.53,-0.11433
38,2014,0.3,0.32612
39,2014,0.24,1.2245
46,2014,0.08,-0.13572
47,2014,0.42,-0.24202
56,2014,0.64,0.3777
86,2014,0.08,0.053937
97,2014,0.39,0.082762
103,2014,0.35,-0.085116
108,2014,11.24,-0.45723
121,2014,1.25,0.070223
125,2014,1.41,-0.1161
131,2014,1.55,-0.73593
132,2014,2,-0.34112
135,2014,1.22,-0.4903
136,2014,2.06,-0.71864
139,2014,0.17,-0.010723
148,2014,0.26,-0.90097
154,2014,0.18,-0.091609
156,2014,0.18,-0.30395
159,2014,NaN,0.16567
163,2014,0.22,-0.20181
164,2014,18.84,-0.039615
171,2014,24.42,-0.19342
172,2014,17.44,0.076611
173,2014,16.36,-0.10014
174,2014,22.53,-0.085794
175,2014,11.44,0.028932
178,2014,17.4,-0.40527
179,2014,21.71,-0.19172
181,2014,20.88,-0.40297
209,2014,14.54,-0.53131
217,2014,0.07,0.47259
220,2014,2.83,-0.18139
225,2014,2.77,-0.18044
226,2014,8.69,-0.46697
232,2014,4.83,-0.26364
248,2014,6.25,-0.4016
251,2014,3.93,0.046362
253,2014,2.34,-0.40265
258,2014,11.61,-0.10648
260,2014,9.23,-0.27198
261,2014,0.57,-0.19865
263,2014,7.81,-0.18865
272,2014,20.69,-0.047052
292,2014,26.41,-0.26011
293,2014,8.9,-0.39972
302,2014,23.36,-0.42929
303,2014,13.56,-0.62307
305,2014,0.45,-0.70047
307,2014,11.32,-0.14376
309,2014,6.9,-0.43611
310,2014,17.74,0.040518
311,2014,15.3,-0.27705
315,2014,4.99,-0.50166
319,2014,15.25,-0.11517
322,2014,13.32,-0.36228
324,2014,0.17,-0.12721
326,2014,8.91,-0.56454
332,2014,6.03,-0.63521
335,2014,19.99,-0.11815
336,2014,16.26,-0.16438
337,2014,16.69,-0.1423
338,2014,20.13,0.25014
341,2014,18.69,-0.06956
345,2014,26.4,-0.022332
347,2014,28.66,-0.15959
354,2014,5.24,-0.19834
355,2014,19.14,-0.65094
369,2014,10.35,-0.43053
374,2014,33.3,-0.14666
376,2014,22.51,0.13774
377,2014,17.18,-0.38179
383,2014,14.12,-0.031599
386,2014,8.2,-0.18389
387,2014,9.38,-0.23509
390,2014,7.77,-0.072239
392,2014,6.17,0.11576
397,2014,11.38,-0.041799
398,2014,2.68,-0.86933
399,2014,6.54,-0.40631
400,2014,0.81,-0.11264
416,2014,5.57,-0.14507
421,2014,20.92,0.10715
434,2014,6.51,-0.37155
461,2014,0.11,0.10075
479,2014,0.11,-0.017965
482,2014,0.14,-0.07242
488,2014,0.33,-0.3044
489,2014,0.78,-0.78805
498,2014,7.65,0.17818
499,2014,7.66,-0.21469
501,2014,5.01,0.011665
504,2014,5.95,0.094061
507,2014,3.22,-0.0071703
508,2014,4.11,-0.014021
513,2014,0.31,0.82906
517,2014,2.3,-1.0367
520,2014,5.58,-0.68988
523,2014,6.08,-0.65217
531,2014,2.7,-0.85364
532,2014,3.88,-1.2054
535,2014,5.62,-0.60031
541,2014,8.04,-1.0608
542,2014,0.23,NaN
543,2014,0.09,-1.078
545,2014,0.65,-0.47477
547,2014,0.96,-0.37262
550,2014,0.14,-0.77435
551,2014,0.32,-0.79064
553,2014,1.27,0.44801
554,2014,1.1,0.27697
556,2014,0.73,0.7557
560,2014,0.54,0.98586
562,2014,3.02,0.41669
565,2014,0.77,0.66192
567,2014,0.94,0.40199
570,2014,0.58,1.2912
571,2014,0.91,0.15666
572,2014,NaN,0.53866
574,2014,1.01,0.40365
576,2014,4.35,0.1197
580,2014,4.09,-0.20354
581,2014,18.78,0.10691
583,2014,2.02,-0.053025
587,2014,1.2,-0.17833
590,2014,0.57,0.55801
595,2014,1.01,0.3837
603,2014,4.98,0.32562
604,2014,3.47,0.5653
605,2014,2.8,0.18762
608,2014,3.7,0.1989
609,2014,15.5,-0.11811
614,2014,15.04,-0.20264
616,2014,2.61,0.11034
618,2014,2.53,-0.28324
619,2014,1.26,0.26195
623,2014,5.45,-0.17262
624,2014,2.83,0.18982
626,2014,3.06,0.11156
633,2014,3.97,-0.080374
638,2014,4.24,-0.0039857
641,2014,5.51,-0.16378
645,2014,7.77,0.0073457
651,2014,4.5,-0.12984
655,2014,15.82,0.17215
658,2014,2.42,-0.045161
660,2014,4.92,-0.44249
661,2014,4.45,0.17143
662,2014,2.62,-0.32621
663,2014,3.55,-0.084543
665,2014,5.87,0.26488
669,2014,6.74,-0.10577
672,2014,16.58,0.030059
677,2014,4.48,0.021504
682,2014,4.88,-0.09819
683,2014,NaN,-0.19233
684,2014,8.35,-0.077517
685,2014,17.76,-0.29261
687,2014,20.67,-0.23962
697,2014,2.45,-0.26028
978,2014,14.22,0.17642
1024,2014,10.95,-0.40177
1069,2014,19.26,-0.57153
1100,2014,1.35,-0.01896
1130,2014,1.32,0.44198
1205,2014,NaN,-0.18118
1277,2014,0.39,0.52273
1409,2014,1.21,0.10486
1446,2014,0.57,0.2541
1650,2014,3.78,-0.67859
1738,2014,12.63,-0.072111
1743,2014,12.41,-0.23741
1858,2014,2.69,-0.046275
2041,2014,3.12,-0.75563
2154,2014,5.5,-0.038199
2156,2014,5.91,-0.16064
2219,2014,2.19,-0.48455
2334,2014,6.1,0.060169
2418,2014,5.1,-0.053459
2493,2014,4.36,0.087702
2568,2014,0.14,-0.40745
2608,2014,0.17,0.15255
2627,2014,0.17,0.32073
2634,2014,0.17,0.090725
2825,2014,7.61,-1.2505
2830,2014,2.25,-0.44825
2854,2014,2.88,-0.27614
3054,2014,0.13,-0.23366
3136,2014,0.1,-0.32978
3601,2014,5.26,-0.04186
3617,2014,8.08,-0.044873
3626,2014,4.77,-0.11388
3639,2014,0.99,-0.38526
3641,2014,2.94,-0.26085
3650,2014,5.2,-0.47649
3664,2014,4.04,-0.032832
3680,2014,16.26,-0.41795
3784,2014,3.53,-0.097389
3800,2014,5.01,0.1013
3913,2014,0.62,-0.32237
3985,2014,0.81,0.010093
4014,2014,0.11,-0.80752
4016,2014,0.13,-0.45153
4045,2014,0.45,-0.62017
4094,2014,1,-0.32591
4103,2014,1.43,-0.34329
4107,2014,2.92,-0.11616
4406,2014,2.11,0.0027728
4407,2014,0.57,-0.080633
4448,2014,0.17,1.0085
4455,2014,8.96,-0.33417
4529,2014,15.55,-0.35113
4551,2014,7.48,0.062292
4557,2014,18.52,-0.18091
4572,2014,9.24,-0.35246
4596,2014,9.47,-0.24871
4626,2014,1.47,-0.19369
4690,2014,2.91,-0.16699
4782,2014,0.11,-0.48048
4808,2014,0.38,-0.097641
4900,2014,0.11,0.1021
4938,2014,0.11,0.71464
5035,2014,0.16,0.18305
5167,2014,0.24,0.17722
5255,2014,0.32,-0.015747
5267,2014,0.25,0.071311
5373,2014,0.3,0.70256
5414,2014,0.35,0.2102
5452,2014,0.08,0.10524
5845,2014,0.28,0.17243
6038,2014,0.15,-0.83024
6042,2014,0.11,-0.52282
6088,2014,0.03,-0.20966
6090,2014,0.02,-0.0019559
6209,2014,0.91,-0.087363
6303,2014,0.91,-0.52152
6304,2014,0.11,-0.6688
2,2015,4.14,0.13901
3,2015,18.24,-0.4045
6,2015,2.77,0.18144
30,2015,1.17,-0.091274
33,2015,1.11,0.35139
34,2015,0.92,0.11238
38,2015,0.13,0.54688
39,2015,0.18,1.3176
46,2015,0.05,0.098738
47,2015,0.35,0.029056
56,2015,0.68,0.48793
86,2015,0.19,0.052348
97,2015,0.16,0.28818
103,2015,0.34,0.11809
108,2015,16.79,-0.28083
121,2015,7.36,0.29228
125,2015,2.55,0.082821
131,2015,5.8,-0.45957
132,2015,5.66,-0.17388
135,2015,9.11,-0.23819
136,2015,5.91,-0.46523
139,2015,0.22,0.28802
148,2015,0.72,-0.63991
154,2015,0.73,0.23677
156,2015,0.83,0.02241
159,2015,1.12,0.40688
163,2015,0.56,-0.029153
164,2015,26.88,0.10257
171,2015,22.4,-0.081016
172,2015,20.5,0.19284
173,2015,18.54,0.041819
174,2015,21.66,0.066307
175,2015,17.98,0.15402
178,2015,15.27,-0.24155
179,2015,22.52,-0.11002
181,2015,21.78,-0.27088
209,2015,20.07,-0.34476
217,2015,0.05,0.72099
220,2015,6.17,-0.013487
225,2015,6.63,-0.021167
226,2015,15.38,-0.32666
232,2015,8.75,-0.088146
248,2015,8.55,-0.21808
251,2015,8.72,0.19372
253,2015,7.98,-0.12463
258,2015,18.63,0.0096601
260,2015,15.66,-0.046209
261,2015,2.85,0.00047489
263,2015,14.94,-0.034795
272,2015,21.27,0.08139
292,2015,29.73,-0.1089
293,2015,7.81,-0.24246
302,2015,25.03,-0.47274
303,2015,11.03,-0.46491
305,2015,0.4,-0.54238
307,2015,12.8,-0.043478
309,2015,10.06,-0.3869
310,2015,22.13,0.16282
311,2015,20.82,-0.089562
315,2015,14.11,-0.27665
319,2015,19.78,0.087435
322,2015,14.33,-0.16528
324,2015,0.09,0.38265
326,2015,7.66,-0.41028
332,2015,5.57,-0.50764
335,2015,23.45,0.04405
336,2015,21.83,-0.0092671
337,2015,20.37,-0.023656
338,2015,22.44,0.40165
341,2015,21.23,0.11837
345,2015,23.07,0.20149
347,2015,21.98,-0.019159
354,2015,6.45,-0.16747
355,2015,25.3,-0.54841
369,2015,10.28,-0.27867
374,2015,24.13,-0.016855
376,2015,25.27,0.30128
377,2015,17.56,-0.4347
383,2015,14.81,0.074489
386,2015,14.51,0.0010308
387,2015,16.56,-0.047177
390,2015,10.47,0.0277
392,2015,9.76,0.27528
397,2015,20.13,0.073365
398,2015,2.52,-0.73714
399,2015,5.45,-0.26716
400,2015,3.15,0.074837
416,2015,10.29,0.014944
421,2015,25.83,0.24895
434,2015,13.78,-0.37254
461,2015,0.22,0.17591
479,2015,0.2,0.268
482,2015,NaN,0.44826
488,2015,0.15,-0.1183
489,2015,1.07,-0.66435
498,2015,4.78,0.074542
499,2015,4.22,-0.097893
501,2015,4.3,0.14148
504,2015,2.31,0.32165
507,2015,2.31,0.16724
508,2015,2.67,0.097615
513,2015,0.18,0.81717
517,2015,1.32,-0.92117
520,2015,4.52,-0.53787
523,2015,4.98,-0.60058
531,2015,1.87,-0.79907
532,2015,3.43,-1.0589
535,2015,4.3,-0.46073
541,2015,9.08,-0.9191
542,2015,0.1,NaN
543,2015,0.25,-0.93126
545,2015,0.36,-0.30286
547,2015,0.51,-0.3717
550,2015,0.17,-0.63502
551,2015,0.18,-0.47831
553,2015,1.26,0.76595
554,2015,0.7,0.53894
556,2015,0.76,1.1149
560,2015,0.36,1.4095
562,2015,2.05,0.71156
565,2015,0.25,0.91574
567,2015,0.62,0.87252
570,2015,0.34,1.5136
571,2015,2.04,0.31289
572,2015,0.4,0.66122
574,2015,0.85,0.73832
576,2015,6.04,0.29202
580,2015,3.63,-0.045427
581,2015,12.55,0.21328
583,2015,1.81,0.25815
587,2015,0.72,0.30463
590,2015,0.31,0.8923
595,2015,0.64,0.62116
603,2015,2.88,0.59406
604,2015,2.19,0.79795
605,2015,0.8,0.48597
608,2015,2.2,0.47309
609,2015,16.5,0.052498
614,2015,16.78,0.055466
616,2015,2,0.29169
618,2015,1.71,-0.14502
619,2015,1.45,0.39007
623,2015,3.25,0.067431
624,2015,0.75,0.48844
626,2015,0.96,0.38413
633,2015,3.4,0.068888
638,2015,4.61,0.29162
641,2015,4.71,0.13013
645,2015,4.47,0.37549
651,2015,5.3,0.11884
655,2015,13.44,0.27067
658,2015,4.89,0.26746
660,2015,4.54,-0.15369
661,2015,3.7,0.46779
662,2015,4.85,-0.0031339
663,2015,5.73,0.21025
665,2015,2.98,0.46157
669,2015,5.39,0.20785
672,2015,14.41,0.25323
677,2015,2.75,0.31358
682,2015,3.14,0.17521
683,2015,4.38,0.076901
684,2015,9.78,0.22087
685,2015,16.57,-0.10243
687,2015,18.1,-0.026165
697,2015,4.1,0.086179
978,2015,19.99,0.4064
1024,2015,18.69,-0.23793
1069,2015,18.66,-0.44826
1100,2015,1.34,0.16428
1130,2015,0.89,0.65567
1205,2015,4.75,0.18011
1277,2015,0.19,0.73152
1409,2015,1.02,0.44577
1446,2015,0.4,0.35343
1650,2015,2.29,-0.57498
1738,2015,9.26,0.31807
1743,2015,6.53,0.1164
1858,2015,2.22,0.2318
2041,2015,1.26,-0.68334
2154,2015,3.79,0.26896
2156,2015,4.63,0.086867
2219,2015,2.06,-0.354
2334,2015,5.51,0.22382
2418,2015,3.3,0.29147
2493,2015,1.95,0.34563
2568,2015,0.2,-0.070772
2608,2015,0.25,0.52242
2627,2015,0.79,0.58982
2634,2015,1.08,0.4054
2825,2015,8.75,-1.1105
2830,2015,1.9,-0.25678
2854,2015,2.32,-0.12517
3054,2015,0.17,-0.051872
3136,2015,0.08,-0.10179
3601,2015,11.55,0.014079
3617,2015,14.35,-0.010187
3626,2015,4.21,0.057315
3639,2015,5.49,-0.31101
3641,2015,5.55,-0.14289
3650,2015,5.26,-0.3831
3664,2015,7.72,0.078026
3680,2015,19.78,-0.25736
3784,2015,6.19,0.045089
3800,2015,7.17,0.314
3913,2015,0.4,-0.023502
3985,2015,1.46,0.23881
4014,2015,0.2,-0.50878
4016,2015,0.2,-0.11255
4045,2015,1.05,-0.46151
4094,2015,0.43,-0.14898
4103,2015,4.3,-0.25617
4107,2015,2.75,-0.37135
4406,2015,4.89,0.14349
4407,2015,1.2,0.048941
4448,2015,0.93,1.376
4455,2015,11.25,-0.17354
4529,2015,18.91,-0.2108
4551,2015,8.15,0.27284
4557,2015,19.63,-0.0061635
4572,2015,12.52,-0.23424
4596,2015,12.37,0.02178
4626,2015,NaN,0.025148
4690,2015,6.36,-0.016971
4782,2015,0.19,0.11639
4808,2015,0.24,0.43343
4900,2015,0.19,0.60276
4938,2015,0.2,0.95902
5035,2015,0.17,0.60171
5167,2015,0.16,0.3913
5255,2015,0.15,0.29136
5267,2015,0.14,0.27653
5373,2015,0.1,0.90009
5414,2015,NaN,0.50741
5452,2015,0.01,0.31939
5845,2015,0.11,0.42605
6038,2015,0.19,-0.32476
6042,2015,0.28,0.17522
6088,2015,0.06,-0.19149
6090,2015,0.03,-0.105
6209,2015,0.48,0.076395
6303,2015,3.57,-0.36346
6304,2015,0.2,-0.59061
2,2016,4.23,0.39417
3,2016,14.52,-0.31114
6,2016,2.77,0.46737
30,2016,0.54,0.1696
33,2016,0.81,0.5615
34,2016,0.42,0.39308
38,2016,0.08,0.92215
39,2016,0.16,1.4524
46,2016,0.03,0.41474
47,2016,0.22,0.25011
56,2016,0.65,0.67263
86,2016,0.04,0.48433
97,2016,0.12,0.62212
103,2016,0.01,0.47775
108,2016,10.21,-0.10039
121,2016,2.77,0.55988
125,2016,1.11,0.25313
131,2016,2.03,-0.22339
132,2016,1.97,0.032459
135,2016,3.41,-0.11682
136,2016,0.66,-0.31649
139,2016,0.17,0.39085
148,2016,0.19,-0.27173
154,2016,0.19,0.44947
156,2016,0.18,0.28337
159,2016,NaN,0.67776
163,2016,0.2,0.19151
164,2016,16.68,0.3275
171,2016,7.36,0.16419
172,2016,5.81,0.45523
173,2016,12.15,0.23715
174,2016,13.83,0.2462
175,2016,9.46,0.35225
178,2016,6.21,-0.0034495
179,2016,11.23,0.092169
181,2016,8.99,0.0186
209,2016,10.96,-0.10328
217,2016,0.04,1
220,2016,3.79,0.24562
225,2016,5.16,0.14059
226,2016,6.75,-0.098526
232,2016,4.89,0.16451
248,2016,5.23,0.078312
251,2016,6.09,0.41621
253,2016,NaN,0.088958
258,2016,2.76,0.31144
260,2016,5.33,0.16373
261,2016,1.4,0.25608
263,2016,5.95,0.24777
272,2016,10.72,0.28013
292,2016,23.18,0.10434
293,2016,16.81,-0.010858
302,2016,15.39,0.14323
303,2016,10.78,-0.2182
305,2016,1.05,-0.32148
307,2016,7.89,0.23027
309,2016,11.16,-0.115
310,2016,13.74,0.4144
311,2016,13.32,0.15419
315,2016,7.31,-0.0089409
319,2016,12.25,0.3231
322,2016,17.48,0.060256
324,2016,0.13,0.39161
326,2016,9.37,-0.14462
332,2016,3.9,-0.23971
335,2016,14.55,0.24738
336,2016,14.31,0.25048
337,2016,13.38,0.19538
338,2016,14.16,0.56231
341,2016,15.88,0.35187
345,2016,13.38,0.4624
347,2016,7.76,0.21165
354,2016,0.44,0.15003
355,2016,16.47,-0.33255
369,2016,3.96,-0.046411
374,2016,16.23,0.18814
376,2016,15.88,0.55159
377,2016,NaN,0.066773
383,2016,12.44,0.36345
386,2016,7.81,0.25653
387,2016,8.16,0.20478
390,2016,4.32,0.32496
392,2016,5.5,0.5242
397,2016,11.25,0.35899
398,2016,1.37,-0.47072
399,2016,6.49,-0.00087864
400,2016,0.81,0.39191
416,2016,5.59,0.25537
421,2016,15.67,0.41616
434,2016,1.79,-0.018759
461,2016,0.13,0.90166
479,2016,0.13,0.42385
482,2016,0.14,0.42078
488,2016,0.16,0.07769
489,2016,0.71,-0.42676
498,2016,3.67,0.38485
499,2016,4.32,0.17989
501,2016,2.28,0.41726
504,2016,5.91,0.6008
507,2016,2.41,0.44063
508,2016,2.91,0.42406
513,2016,0.44,1.0363
517,2016,0.7,-0.63739
520,2016,4.12,-0.21852
523,2016,4.92,-0.32404
531,2016,1.37,-0.46045
532,2016,1.06,-0.69351
535,2016,3.42,-0.15958
541,2016,2.85,-0.63981
542,2016,0.1,NaN
543,2016,0.33,-0.66912
545,2016,0.3,0.0023887
547,2016,0.36,0.071954
550,2016,0.3,-0.36814
551,2016,0.29,-0.25816
553,2016,1.03,1.0487
554,2016,0.47,0.83338
556,2016,0.31,1.3987
560,2016,0.23,1.7129
562,2016,1.2,1.0067
565,2016,0.16,1.1642
567,2016,0.29,0.95609
570,2016,0.17,1.8346
571,2016,1.95,0.62717
572,2016,0.21,0.91489
574,2016,0.45,1.0532
576,2016,5.21,0.60957
580,2016,2.39,0.26598
581,2016,8.44,0.71054
583,2016,1.15,0.54446
587,2016,0.69,0.79672
590,2016,0.11,1.1856
595,2016,0.63,0.95713
603,2016,1.78,0.90103
604,2016,1.16,1.1556
605,2016,1.07,0.80853
608,2016,3.38,0.74474
609,2016,7.6,0.37603
614,2016,8.6,0.24339
616,2016,2.51,0.54264
618,2016,2.88,0.18293
619,2016,1.05,0.64798
623,2016,3,0.38079
624,2016,0.99,0.78602
626,2016,NaN,0.79414
633,2016,3.91,0.33326
638,2016,4.04,0.66645
641,2016,4.92,0.49914
645,2016,2.21,0.61714
651,2016,1.5,0.48902
655,2016,13.4,0.62208
658,2016,0.36,0.59063
660,2016,4.4,0.086065
661,2016,1.93,0.79426
662,2016,1.52,0.32569
663,2016,2.26,0.54391
665,2016,3.11,0.75176
669,2016,3.5,0.54722
672,2016,13.84,0.55408
677,2016,5.28,0.64692
682,2016,2.69,0.44286
683,2016,3.09,0.37207
684,2016,3.21,0.47487
685,2016,13.66,0.16903
687,2016,8.74,0.096156
697,2016,1.54,0.39565
978,2016,18.67,0.56544
1024,2016,12.66,-0.044817
1069,2016,15.16,-0.24529
1100,2016,0.64,0.54473
1130,2016,0.46,1.027
1205,2016,3,0.48745
1277,2016,0.11,1.0603
1409,2016,0.48,0.76655
1446,2016,NaN,0.85179
1650,2016,1.18,-0.29121
1738,2016,4.1,0.50732
1743,2016,4.53,0.28397
1858,2016,5.29,0.53527
2041,2016,1.02,-0.38759
2154,2016,3.13,0.61141
2156,2016,3.85,0.41887
2219,2016,1.95,0.031941
2334,2016,NaN,0.81118
2418,2016,0.8,0.55478
2493,2016,1.17,0.60115
2568,2016,0.13,0.22783
2608,2016,0.18,0.77519
2627,2016,0.7,0.87588
2634,2016,0.18,0.5645
2825,2016,3.17,-0.81358
2830,2016,2.4,-0.0093024
2854,2016,2.17,0.14413
3054,2016,0.16,0.20629
3136,2016,0.08,0.18305
3601,2016,5.67,0.21505
3617,2016,6.76,0.22865
3626,2016,4.29,0.28067
3639,2016,0.45,-0.13869
3641,2016,2.71,0.029141
3650,2016,4.64,-0.083691
3664,2016,1.43,0.21688
3680,2016,6.1,0.0066086
3784,2016,3.97,0.28274
3800,2016,4.79,0.50353
3913,2016,0.2,0.31138
3985,2016,0.98,0.45626
4014,2016,0.15,-0.2695
4016,2016,0.15,0.099143
4045,2016,0.41,-0.20837
4094,2016,NaN,0.068025
4103,2016,1.85,0.10023
4107,2016,1.69,-0.68947
4406,2016,2.8,0.38237
4407,2016,0.43,0.2614
4448,2016,0.18,1.5805
4455,2016,10.36,0.070133
4529,2016,11.03,0.0033475
4551,2016,7.11,0.4948
4557,2016,10.03,0.23273
4572,2016,7.05,-0.00264
4596,2016,7.2,0.23546
4626,2016,0.54,0.29448
4690,2016,5.33,0.27552
4782,2016,0.12,0.25933
4808,2016,0.15,0.68043
4900,2016,0.13,1.2894
4938,2016,0.13,0.56678
5035,2016,0.13,0.65869
5167,2016,0.11,0.69476
5255,2016,0.12,0.52564
5267,2016,0.11,0.59439
5373,2016,0.1,1.0745
5414,2016,0.09,0.74184
5452,2016,0.01,0.64803
5845,2016,0.09,0.7863
6038,2016,0.14,-0.18
6042,2016,0.14,0.44152
6088,2016,0.01,0.31368
6090,2016,0.01,0.43972
6209,2016,0.49,0.46673
6303,2016,2.93,-0.14478
6304,2016,NaN,0.020878
2,2017,2.04,0.2542
3,2017,18.81,-0.39394
6,2017,0.77,0.41409
30,2017,0.67,0.036554
33,2017,0.53,0.47631
34,2017,0.26,0.24237
38,2017,0.05,0.67582
39,2017,0.19,1.4605
46,2017,0.02,0.25354
47,2017,0.1,0.08752
56,2017,0.66,0.65874
86,2017,0.55,0.21217
97,2017,0.16,0.43195
103,2017,0.18,0.29112
108,2017,12.19,-0.17806
121,2017,1.72,0.40972
125,2017,1.17,0.27027
131,2017,1.09,-0.3407
132,2017,0.92,-0.030157
135,2017,4.24,-0.13512
136,2017,0.69,-0.40146
139,2017,0.31,0.2607
148,2017,0.29,-0.25202
154,2017,0.45,0.4094
156,2017,0.59,0.22309
159,2017,1.27,0.5276
163,2017,10.54,0.08605
164,2017,20.97,0.20699
171,2017,28.71,0.081791
172,2017,19.41,0.2956
173,2017,21.58,0.16222
174,2017,20.37,0.1187
175,2017,17.79,0.25685
178,2017,21.15,-0.094986
179,2017,22.78,-0.024246
181,2017,24.35,0.017691
209,2017,17.68,-0.27625
217,2017,0.75,0.74104
220,2017,5.08,0.12363
225,2017,6.85,0.078673
226,2017,15.11,-0.2311
232,2017,14.15,0.10995
248,2017,NaN,-0.093044
251,2017,8.22,0.30562
253,2017,6.47,-0.0056042
258,2017,17.82,0.19514
260,2017,13.47,0.038043
261,2017,3.41,0.162
263,2017,12.89,0.0092119
272,2017,21.27,0.16389
292,2017,29.89,-0.0486
293,2017,13.53,-0.16538
302,2017,24.87,-0.023351
303,2017,19.84,-0.34365
305,2017,5,-0.47913
307,2017,16.46,0.097056
309,2017,15.91,-0.2608
310,2017,NaN,0.34909
311,2017,21.32,0.042242
315,2017,11.87,-0.13269
319,2017,21.54,0.26351
322,2017,19.26,-0.085063
324,2017,0.22,0.27402
326,2017,13.91,-0.26507
332,2017,15.39,-0.33201
335,2017,21.47,0.15168
336,2017,18.95,0.11458
337,2017,20.1,0.092301
338,2017,9.93,0.42501
341,2017,22.03,0.21038
345,2017,10.83,0.35718
347,2017,24.03,0.073604
354,2017,8.96,0.044033
355,2017,22.19,-0.50681
369,2017,10.86,-0.14052
374,2017,24.92,0.054304
376,2017,25.56,0.38998
377,2017,21.72,-0.10771
383,2017,22.22,0.20086
386,2017,13.39,0.22463
387,2017,13.69,0.20688
390,2017,7.75,0.24788
392,2017,NaN,0.38565
397,2017,13.84,0.22153
398,2017,6.13,-0.63139
399,2017,13.43,-0.13284
400,2017,8.66,0.4014
416,2017,12.56,0.17581
421,2017,24.1,0.29419
434,2017,10.92,-0.15128
461,2017,0.24,0.60026
479,2017,0.24,0.084879
482,2017,0.24,0.37424
488,2017,0.17,0.013315
489,2017,5.71,-0.45291
498,2017,12,0.30226
499,2017,7.02,0.12324
501,2017,1.78,0.30215
504,2017,3.62,0.64145
507,2017,1.51,0.31075
508,2017,2.25,0.33757
513,2017,0.27,1.0907
517,2017,3.16,-0.77742
520,2017,5.83,-0.36849
523,2017,8,-0.5043
531,2017,0.69,-0.48953
532,2017,1.17,-0.84684
535,2017,3.84,-0.3194
541,2017,9.53,-0.89131
542,2017,NaN,NaN
543,2017,0.33,-0.76193
545,2017,2.49,0.030551
547,2017,0.49,-0.046408
550,2017,0.78,-0.50087
551,2017,0.59,-0.44641
553,2017,0.93,0.93687
554,2017,0.75,0.75225
556,2017,0.35,1.3052
560,2017,0.15,1.5554
562,2017,0.7,0.84409
565,2017,0.11,1.0525
567,2017,0.17,0.86094
570,2017,0.16,1.7056
571,2017,0.59,0.51135
572,2017,0.17,0.85631
574,2017,0.82,0.84098
576,2017,1.96,0.44556
580,2017,1.44,0.13664
581,2017,21.5,0.51344
583,2017,0.44,0.39714
587,2017,0.27,0.55974
590,2017,0.27,1.0026
595,2017,0.37,0.7078
603,2017,1.63,0.77437
604,2017,1.61,1.0301
605,2017,0.38,0.66091
608,2017,2.78,0.59154
609,2017,12.6,0.24089
614,2017,7.32,0.076146
616,2017,0.7,0.40329
618,2017,0.64,0.055777
619,2017,0.89,0.5995
623,2017,1.15,0.21098
624,2017,0.27,0.63372
626,2017,0.31,0.54708
633,2017,1.06,0.16905
638,2017,1.84,0.53848
641,2017,2.58,0.38732
645,2017,2.58,0.44765
651,2017,1.4,0.13805
655,2017,21.74,0.4343
658,2017,4.31,0.40095
660,2017,1.75,0.014353
661,2017,1.44,0.67696
662,2017,2.05,0.15048
663,2017,2.93,0.35718
665,2017,2.43,0.76477
669,2017,2.12,0.39364
672,2017,8.88,0.42472
677,2017,1.56,0.53405
682,2017,1.02,0.4412
683,2017,1.55,0.23962
684,2017,6.08,0.3353
685,2017,7.88,0.022586
687,2017,13.11,0.10596
697,2017,3.74,0.17104
978,2017,18.73,0.47378
1024,2017,13.97,-0.12471
1069,2017,19.07,-0.36447
1100,2017,0.26,0.42356
1130,2017,0.32,0.90049
1205,2017,1.28,0.39949
1277,2017,0.07,0.97161
1409,2017,0.52,0.63667
1446,2017,0.27,0.71383
1650,2017,0.7,-0.41477
1738,2017,4.73,0.34873
1743,2017,3.23,0.12998
1858,2017,2.42,0.4986
2041,2017,0.41,-0.50516
2154,2017,NaN,0.3143
2156,2017,1.96,0.27241
2219,2017,0.98,-0.026322
2334,2017,2.36,0.60337
2418,2017,0.5,0.43407
2493,2017,0.64,0.40552
2568,2017,0.25,-0.030471
2608,2017,0.49,0.61298
2627,2017,1.4,0.8071
2634,2017,0.51,0.41515
2825,2017,12.59,-0.91813
2830,2017,0.69,-0.18932
2854,2017,0.68,0.036581
3054,2017,0.14,0.097602
3136,2017,0.1,0.06908
3601,2017,10.9,0.16108
3617,2017,10.9,0.011494
3626,2017,2,0.17467
3639,2017,1.97,-0.24074
3641,2017,3.31,-0.13075
3650,2017,3.06,-0.22768
3664,2017,4.14,0.15202
3680,2017,17.94,-0.11562
3784,2017,4.56,0.16125
3800,2017,3.03,0.33631
3913,2017,0.1,0.19142
3985,2017,0.86,0.35074
4014,2017,0.24,-0.5136
4016,2017,0.25,-0.16139
4045,2017,2.49,-0.32467
4094,2017,0.14,-0.1154
4103,2017,2.38,-0.026702
4107,2017,2.63,-0.44437
4406,2017,3.41,0.27068
4407,2017,2.2,0.21503
4448,2017,0.36,1.4446
4455,2017,16.14,-0.074099
4529,2017,17.98,-0.12546
4551,2017,5.19,0.3376
4557,2017,19.18,0.21923
4572,2017,7.83,-0.116
4596,2017,13.08,0.0052849
4626,2017,2.14,0.19059
4690,2017,12.73,0.16373
4782,2017,0.23,-0.11312
4808,2017,0.27,0.43663
4900,2017,0.24,0.8562
4938,2017,0.24,0.12624
5035,2017,0.21,0.54951
5167,2017,0.15,0.54201
5255,2017,0.15,0.36732
5267,2017,0.03,0.4083
5373,2017,0.2,1.0851
5414,2017,0.17,0.61719
5452,2017,0.01,0.43805
5845,2017,0.11,0.55591
6038,2017,0.25,-0.52404
6042,2017,0.25,0.19035
6088,2017,0.45,-0.051259
6090,2017,0.47,0.14075
6209,2017,0.19,0.27934
6303,2017,2.19,-0.25258
6304,2017,0.67,-0.15958
